identifier,stage,error
AJUKUL,smiles_parse,RDKit could not parse SMILES
APOQOM,smiles_parse,RDKit could not parse SMILES
AQOSUV,smiles_parse,RDKit could not parse SMILES
AVUDUS,smiles_parse,RDKit could not parse SMILES
BAGUBR,smiles_parse,RDKit could not parse SMILES
BAMZUN,smiles_parse,RDKit could not parse SMILES
BEWSIF,smiles_parse,RDKit could not parse SMILES
BODDIL03,smiles_parse,RDKit could not parse SMILES
BOJWIG,smiles_parse,RDKit could not parse SMILES
BOJWIG01,smiles_parse,RDKit could not parse SMILES
BOJWIG10,smiles_parse,RDKit could not parse SMILES
BOJWIG11,smiles_parse,RDKit could not parse SMILES
BOVWIT01,smiles_parse,RDKit could not parse SMILES
BUHVUZ,smiles_parse,RDKit could not parse SMILES
BUJDIX,missing_smiles,No SMILES available
CANXIY,smiles_parse,RDKit could not parse SMILES
CARTEN01,smiles_parse,RDKit could not parse SMILES
CEHVIV,smiles_parse,RDKit could not parse SMILES
CEQGEO,smiles_parse,RDKit could not parse SMILES
CEQGUE,smiles_parse,RDKit could not parse SMILES
CEQHAL,smiles_parse,RDKit could not parse SMILES
CHOLME02,smiles_parse,RDKit could not parse SMILES
COSYEQ,smiles_parse,RDKit could not parse SMILES
CUDQEY,missing_smiles,No SMILES available
CUGNAT,smiles_parse,RDKit could not parse SMILES
DAQPUJ,smiles_parse,RDKit could not parse SMILES
DERGUD,smiles_parse,RDKit could not parse SMILES
DOCCEH01,smiles_parse,RDKit could not parse SMILES
DOXYAT,smiles_parse,RDKit could not parse SMILES
DOXYEX01,smiles_parse,RDKit could not parse SMILES
DOXYEX02,smiles_parse,RDKit could not parse SMILES
DOXYIB,smiles_parse,RDKit could not parse SMILES
DOXYOH,smiles_parse,RDKit could not parse SMILES
DOXYUN,smiles_parse,RDKit could not parse SMILES
DOXZAU,smiles_parse,RDKit could not parse SMILES
DOXZEY,smiles_parse,RDKit could not parse SMILES
DOXZUO,smiles_parse,RDKit could not parse SMILES
DOYBAX,smiles_parse,RDKit could not parse SMILES
DOYBIF,smiles_parse,RDKit could not parse SMILES
DOYBOL,smiles_parse,RDKit could not parse SMILES
DOYBUR,smiles_parse,RDKit could not parse SMILES
DOYCIG03,smiles_parse,RDKit could not parse SMILES
DOYCOM,smiles_parse,RDKit could not parse SMILES
DOYDAZ,smiles_parse,RDKit could not parse SMILES
DOYDIH,smiles_parse,RDKit could not parse SMILES
DOYDON,smiles_parse,RDKit could not parse SMILES
DOYDUT,smiles_parse,RDKit could not parse SMILES
DUWQUJ,missing_smiles,No SMILES available
DUWRUK,missing_smiles,No SMILES available
ECOROH,smiles_parse,RDKit could not parse SMILES
EKECOM,smiles_parse,RDKit could not parse SMILES
EKESIY,smiles_parse,RDKit could not parse SMILES
EKESIY03,smiles_parse,RDKit could not parse SMILES
ELAREP,smiles_parse,RDKit could not parse SMILES
EMARER,missing_smiles,No SMILES available
EXOKUX,missing_smiles,No SMILES available
EYIBEU02,smiles_parse,RDKit could not parse SMILES
EYIBEU03,smiles_parse,RDKit could not parse SMILES
FIJYUT,smiles_parse,RDKit could not parse SMILES
FIKFEL,smiles_parse,RDKit could not parse SMILES
FITQII03,smiles_parse,RDKit could not parse SMILES
FUVYAA,smiles_parse,RDKit could not parse SMILES
FUXZUT,smiles_parse,RDKit could not parse SMILES
FUYRIA,missing_smiles,No SMILES available
GAZFIZ,smiles_parse,RDKit could not parse SMILES
GAZFOF,missing_smiles,No SMILES available
GAZFOF02,smiles_parse,RDKit could not parse SMILES
GAZFOF03,missing_smiles,No SMILES available
GEQBIO,smiles_parse,RDKit could not parse SMILES
GIBMOX,smiles_parse,RDKit could not parse SMILES
GISVOX,smiles_parse,RDKit could not parse SMILES
GIWLII,smiles_parse,RDKit could not parse SMILES
GIYDEZ02,smiles_parse,RDKit could not parse SMILES
GIYDEZ03,smiles_parse,RDKit could not parse SMILES
GOPLOO,smiles_parse,RDKit could not parse SMILES
GUCSUS,smiles_parse,RDKit could not parse SMILES
HASWIH,missing_smiles,No SMILES available
HAWLID,smiles_parse,RDKit could not parse SMILES
HEBTIU,missing_smiles,No SMILES available
HECROZ05,smiles_parse,RDKit could not parse SMILES
HECROZ06,smiles_parse,RDKit could not parse SMILES
HECTAN,smiles_parse,RDKit could not parse SMILES
HIQQUV,smiles_parse,RDKit could not parse SMILES
HOBYAA,smiles_parse,RDKit could not parse SMILES
HOBYEE,smiles_parse,RDKit could not parse SMILES
HOXYEZ,smiles_parse,RDKit could not parse SMILES
HOYJUC,missing_smiles,No SMILES available
HUMDEB,smiles_parse,RDKit could not parse SMILES
HUSWOH,missing_smiles,No SMILES available
HUWZAD,smiles_parse,RDKit could not parse SMILES
HUWZAD01,smiles_parse,RDKit could not parse SMILES
HUWZAD02,smiles_parse,RDKit could not parse SMILES
HUWZAD03,smiles_parse,RDKit could not parse SMILES
HUWZAD04,smiles_parse,RDKit could not parse SMILES
HUWZAD05,smiles_parse,RDKit could not parse SMILES
HUWZAD06,smiles_parse,RDKit could not parse SMILES
HUWZAD07,smiles_parse,RDKit could not parse SMILES
HUWZAD08,smiles_parse,RDKit could not parse SMILES
HUWZAD09,smiles_parse,RDKit could not parse SMILES
HUWZAD10,smiles_parse,RDKit could not parse SMILES
HUXMES,missing_smiles,No SMILES available
HUZZOT,smiles_parse,RDKit could not parse SMILES
IBIFEH,smiles_parse,RDKit could not parse SMILES
ICIXID,missing_smiles,No SMILES available
IDUGUL,missing_smiles,No SMILES available
IJEKAN,smiles_parse,RDKit could not parse SMILES
IJETOG01,smiles_parse,RDKit could not parse SMILES
IPEVOP03,smiles_parse,RDKit could not parse SMILES
IPEVOP04,smiles_parse,RDKit could not parse SMILES
IRENUR,smiles_parse,RDKit could not parse SMILES
IRUJEN,smiles_parse,RDKit could not parse SMILES
IRUJUD,smiles_parse,RDKit could not parse SMILES
ITATAB,smiles_parse,RDKit could not parse SMILES
IWAXUZ,missing_smiles,No SMILES available
IWAYAG,missing_smiles,No SMILES available
IYAFAR,smiles_parse,RDKit could not parse SMILES
IZEQOW,missing_smiles,No SMILES available
IZEQOW02,missing_smiles,No SMILES available
IZEQOW03,missing_smiles,No SMILES available
JATPIH,smiles_parse,RDKit could not parse SMILES
JEBGIJ,missing_smiles,No SMILES available
JEDCOK01,missing_smiles,No SMILES available
JEDCOK03,missing_smiles,No SMILES available
JEMROJ,missing_smiles,No SMILES available
JEMROJ01,missing_smiles,No SMILES available
JEMROJ02,missing_smiles,No SMILES available
JEMROJ03,missing_smiles,No SMILES available
JESCAP,missing_smiles,No SMILES available
JEYPOT,smiles_parse,RDKit could not parse SMILES
JIFJIV,missing_smiles,No SMILES available
JILRUU,smiles_parse,RDKit could not parse SMILES
JIWQAI02,smiles_parse,RDKit could not parse SMILES
JOTJUB,smiles_parse,RDKit could not parse SMILES
JOTKAI,smiles_parse,RDKit could not parse SMILES
JUBYEO,smiles_parse,RDKit could not parse SMILES
KAFXAV,smiles_parse,RDKit could not parse SMILES
KAYVUB,smiles_parse,RDKit could not parse SMILES
KEBHIM,smiles_parse,RDKit could not parse SMILES
KERKAX,smiles_parse,RDKit could not parse SMILES
KESVIP,smiles_parse,RDKit could not parse SMILES
KESVOV,smiles_parse,RDKit could not parse SMILES
KETFUO,missing_smiles,No SMILES available
KEWCAU,smiles_parse,RDKit could not parse SMILES
KINHOG,smiles_parse,RDKit could not parse SMILES
KOVFIO,smiles_parse,RDKit could not parse SMILES
LAHBAB,smiles_parse,RDKit could not parse SMILES
LAHBAB01,smiles_parse,RDKit could not parse SMILES
LAJLIT,missing_smiles,No SMILES available
LAYGOL05,smiles_parse,RDKit could not parse SMILES
LAYGOL06,smiles_parse,RDKit could not parse SMILES
LEXPIO,missing_smiles,No SMILES available
LIQFUN01,smiles_parse,RDKit could not parse SMILES
LIQQEH,smiles_parse,RDKit could not parse SMILES
LITWAN,missing_smiles,No SMILES available
LITZIY,missing_smiles,No SMILES available
LIVBAU,smiles_parse,RDKit could not parse SMILES
LOCYUB,smiles_parse,RDKit could not parse SMILES
LOCZAI,smiles_parse,RDKit could not parse SMILES
LOCZEM,smiles_parse,RDKit could not parse SMILES
MEJVAY,smiles_parse,RDKit could not parse SMILES
MEPZAJ,smiles_parse,RDKit could not parse SMILES
MIPVEM,missing_smiles,No SMILES available
MIPXOC,smiles_parse,RDKit could not parse SMILES
MOCWAC,smiles_parse,RDKit could not parse SMILES
MOHCOC,missing_smiles,No SMILES available
MOQNUB,missing_smiles,No SMILES available
NECYUR,missing_smiles,No SMILES available
NOKGAY,smiles_parse,RDKit could not parse SMILES
NUDMIK,missing_smiles,No SMILES available
NUDVIS,missing_smiles,No SMILES available
NUKXOH,missing_smiles,No SMILES available
OBEGUX,missing_smiles,No SMILES available
OGEFUB,smiles_parse,RDKit could not parse SMILES
OKUKAJ01,smiles_parse,RDKit could not parse SMILES
OMUZUU,smiles_parse,RDKit could not parse SMILES
ORUNIA,smiles_parse,RDKit could not parse SMILES
PEJRAX,smiles_parse,RDKit could not parse SMILES
PELLEB,smiles_parse,RDKit could not parse SMILES
PEZSUJ,missing_smiles,No SMILES available
PEZSUJ01,missing_smiles,No SMILES available
PINCUK,missing_smiles,No SMILES available
PIPYEW,smiles_parse,RDKit could not parse SMILES
PIZDUX,smiles_parse,RDKit could not parse SMILES
POVLIX,smiles_parse,RDKit could not parse SMILES
PUPKAN,missing_smiles,No SMILES available
QODGUM02,smiles_parse,RDKit could not parse SMILES
QODGUM03,smiles_parse,RDKit could not parse SMILES
QODGUM04,smiles_parse,RDKit could not parse SMILES
QODGUM06,smiles_parse,RDKit could not parse SMILES
QOWVIH,missing_smiles,No SMILES available
QOWWOO,smiles_parse,RDKit could not parse SMILES
QOWXOP,smiles_parse,RDKit could not parse SMILES
QUPQOK,smiles_parse,RDKit could not parse SMILES
QUQRUQ,missing_smiles,No SMILES available
QUQSEB,missing_smiles,No SMILES available
QUQSIF,smiles_parse,RDKit could not parse SMILES
QUQSOL,missing_smiles,No SMILES available
RAQMIH,missing_smiles,No SMILES available
RAQMON,smiles_parse,RDKit could not parse SMILES
RAYZEZ05,smiles_parse,RDKit could not parse SMILES
REPKON,missing_smiles,No SMILES available
RIDRUV01,smiles_parse,RDKit could not parse SMILES
RIGGAQ,smiles_parse,RDKit could not parse SMILES
RIMGUP,smiles_parse,RDKit could not parse SMILES
ROHVOC,smiles_parse,RDKit could not parse SMILES
ROXVAE,smiles_parse,RDKit could not parse SMILES
ROZLAW,missing_smiles,No SMILES available
ROZLAW01,missing_smiles,No SMILES available
RUCFIF,missing_smiles,No SMILES available
RUWBAM,smiles_parse,RDKit could not parse SMILES
SAHFAN01,smiles_parse,RDKit could not parse SMILES
SARYEQ,smiles_parse,RDKit could not parse SMILES
SAVVOE,smiles_parse,RDKit could not parse SMILES
SEHSOR,smiles_parse,RDKit could not parse SMILES
SEQBAR,missing_smiles,No SMILES available
SESKEI,smiles_parse,RDKit could not parse SMILES
SEWXEY,missing_smiles,No SMILES available
SILNOR,smiles_parse,RDKit could not parse SMILES
SOMGIK01,missing_smiles,No SMILES available
SOMGIK02,missing_smiles,No SMILES available
SOMGIK03,missing_smiles,No SMILES available
SOMGIK04,missing_smiles,No SMILES available
SOQVAZ,smiles_parse,RDKit could not parse SMILES
TAFXEG,smiles_parse,RDKit could not parse SMILES
TAGHIU,smiles_parse,RDKit could not parse SMILES
TEZYUT,missing_smiles,No SMILES available
TIGBUG,smiles_parse,RDKit could not parse SMILES
TUQBOY,smiles_parse,RDKit could not parse SMILES
TUQQAX,missing_smiles,No SMILES available
TUQQEB,missing_smiles,No SMILES available
TUSHEV,smiles_parse,RDKit could not parse SMILES
TUTLUS,smiles_parse,RDKit could not parse SMILES
UDIDUH,missing_smiles,No SMILES available
UGUFAD,missing_smiles,No SMILES available
UJEJAW,smiles_parse,RDKit could not parse SMILES
ULOSOG,smiles_parse,RDKit could not parse SMILES
UNARUW,missing_smiles,No SMILES available
VABFEJ,missing_smiles,No SMILES available
VAFLAP,smiles_parse,RDKit could not parse SMILES
VAYYUP,smiles_parse,RDKit could not parse SMILES
VEHLON,smiles_parse,RDKit could not parse SMILES
VUKBAF,smiles_parse,RDKit could not parse SMILES
VUPQEG,smiles_parse,RDKit could not parse SMILES
VUVGOM,missing_smiles,No SMILES available
VUXQOY,smiles_parse,RDKit could not parse SMILES
WAFTAZ,smiles_parse,RDKit could not parse SMILES
WEFBUH,missing_smiles,No SMILES available
WEJVAM,smiles_parse,RDKit could not parse SMILES
WEJVUG,smiles_parse,RDKit could not parse SMILES
WEWSAW,smiles_parse,RDKit could not parse SMILES
WIJPIR,smiles_parse,RDKit could not parse SMILES
WOPLOG,smiles_parse,RDKit could not parse SMILES
WUSWAM,smiles_parse,RDKit could not parse SMILES
XAGYUC,smiles_parse,RDKit could not parse SMILES
XAQSIT,missing_smiles,No SMILES available
XAQWER,missing_smiles,No SMILES available
XAXBEF,missing_smiles,No SMILES available
XAXBEF01,missing_smiles,No SMILES available
XAXBEF02,missing_smiles,No SMILES available
XAXBEF03,missing_smiles,No SMILES available
XAXBEF04,missing_smiles,No SMILES available
XAXBEF05,missing_smiles,No SMILES available
XAXBEF06,missing_smiles,No SMILES available
XAXBEF07,missing_smiles,No SMILES available
XAXBEF08,missing_smiles,No SMILES available
XAXBEF09,missing_smiles,No SMILES available
XAXBEF10,missing_smiles,No SMILES available
XAXBEF11,missing_smiles,No SMILES available
XAXBEF12,missing_smiles,No SMILES available
XAXBEF13,missing_smiles,No SMILES available
XAXBEF14,missing_smiles,No SMILES available
XAXBEF15,missing_smiles,No SMILES available
XAXBEF16,missing_smiles,No SMILES available
XAXBEF17,missing_smiles,No SMILES available
XEGHEW,smiles_parse,RDKit could not parse SMILES
XEGTUZ,smiles_parse,RDKit could not parse SMILES
XEHPEF,smiles_parse,RDKit could not parse SMILES
XEYLEV,smiles_parse,RDKit could not parse SMILES
XEYLIZ,smiles_parse,RDKit could not parse SMILES
XOFCAW,missing_smiles,No SMILES available
XUMLOG,missing_smiles,No SMILES available
XUZZAX,missing_smiles,No SMILES available
XUZZEB,missing_smiles,No SMILES available
YASKOT,missing_smiles,No SMILES available
YEJMEF,smiles_parse,RDKit could not parse SMILES
YETREU,smiles_parse,RDKit could not parse SMILES
YIHJAE,smiles_parse,RDKit could not parse SMILES
YIHJEI,smiles_parse,RDKit could not parse SMILES
YIMVUO01,smiles_parse,RDKit could not parse SMILES
YINWEZ,smiles_parse,RDKit could not parse SMILES
YIPMIW,missing_smiles,No SMILES available
YOTYAL,smiles_parse,RDKit could not parse SMILES
YOTYEP,smiles_parse,RDKit could not parse SMILES
YOVPEF,smiles_parse,RDKit could not parse SMILES
YUHJOA,smiles_parse,RDKit could not parse SMILES
YUQCEV,smiles_parse,RDKit could not parse SMILES
YUQCIZ,smiles_parse,RDKit could not parse SMILES
YUSKEG01,smiles_parse,RDKit could not parse SMILES
ZAVGAE,missing_smiles,No SMILES available
ZAWJUG,smiles_parse,RDKit could not parse SMILES
ZUSVES,smiles_parse,RDKit could not parse SMILES
ZZZPUS09,smiles_parse,RDKit could not parse SMILES
ZZZVLI02,smiles_parse,RDKit could not parse SMILES
ZZZVLI03,smiles_parse,RDKit could not parse SMILES
ZZZVLI04,smiles_parse,RDKit could not parse SMILES
ZZZVLI05,smiles_parse,RDKit could not parse SMILES
ZZZVLI06,smiles_parse,RDKit could not parse SMILES
ZZZVLI07,smiles_parse,RDKit could not parse SMILES
ZZZVLI08,smiles_parse,RDKit could not parse SMILES
